{
  "Name": "GP5_VST_Editor",
  "Version": "1.0.0",
  "Factory Info": {
    "Vendor": "AR-Sounds",
    "URL": "AR-Sounds",
    "E-Mail": "",
    "Flags": {
      "Unicode": true,
      "Classes Discardable": false,
      "Component Non Discardable": false,
    },
  },
  "Classes": [
    {
      "CID": "ABCDEF019182FAEB4152536F47703565",
      "Category": "Audio Module Class",
      "Name": "GP5_VST_Editor",
      "Vendor": "AR-Sounds",
      "Version": "1.0.0",
      "SDKVersion": "VST 3.8.0",
      "Sub Categories": [
        "Instrument",
        "Generator",
      ],
      "Class Flags": 2,
      "Cardinality": 2147483647,
      "Snapshots": [
      ],
    },
    {
      "CID": "ABCDEF011234ABCD4152536F47703565",
      "Category": "Component Controller Class",
      "Name": "GP5_VST_Editor",
      "Vendor": "AR-Sounds",
      "Version": "1.0.0",
      "SDKVersion": "VST 3.8.0",
      "Sub Categories": [
        "Instrument",
        "Generator",
      ],
      "Class Flags": 2,
      "Cardinality": 2147483647,
      "Snapshots": [
      ],
    },
  ],
}
